{"cameraMode":{"drawMode":0,"name":"Shaded","section":"Shading Mode"},"sceneLighting":false,"audioPlay":false,"sceneViewState":{"m_AlwaysRefresh":false,"showFog":true,"showSkybox":false,"showFlares":true,"showImageEffects":true,"showParticleSystems":true,"showVisualEffectGraphs":true,"m_FxEnabled":true},"in2DMode":false,"pivot":{"x":-3.174967050552368,"y":-0.5672218799591065,"z":-1.0349379777908326},"rotation":{"x":0.051981646567583087,"y":-0.6766562461853027,"z":0.04799732193350792,"w":0.7329187989234924},"size":2.3333582878112795,"orthographic":false}