{"cameraMode":{"drawMode":0,"name":"Shaded","section":"Shading Mode"},"sceneLighting":false,"audioPlay":false,"sceneViewState":{"m_AlwaysRefresh":false,"showFog":true,"showSkybox":false,"showFlares":true,"showImageEffects":true,"showParticleSystems":true,"showVisualEffectGraphs":true,"m_FxEnabled":true},"in2DMode":false,"pivot":{"x":90.30717468261719,"y":11.588265419006348,"z":-11.107956886291504},"rotation":{"x":0.1526777446269989,"y":-0.023744521662592889,"z":0.003656812710687518,"w":0.9880613684654236},"size":5.388189792633057,"orthographic":false}